,Min,Max,Mean,Median,Standard Deviation
Sepal Length,4.9,7.9,6.587999999999998,6.5,0.635879593274432
Sepal Width,2.2,3.8,2.9739999999999998,3.0,0.3224966381726376
Petal Length,4.5,6.9,5.552,5.55,0.5518946956639835
Petal Width,1.4,2.5,2.026,2.0,0.27465005563666733
