,Min,Max,Mean,Median,Standard Deviation
Sepal Length,4.3,5.8,5.005999999999999,5.0,0.3524896872134512
Sepal Width,2.3,4.4,3.4180000000000006,3.4,0.38102439795469095
Petal Length,1.0,1.9,1.464,1.5,0.1735111594364455
Petal Width,0.1,0.6,0.2439999999999999,0.2,0.10720950308167837
