,Min,Max,Mean,Median,Standard Deviation
Sepal Length,4.9,7.0,5.936,5.9,0.5161711470638635
Sepal Width,2.0,3.4,2.7700000000000005,2.8,0.3137983233784114
Petal Length,3.0,5.1,4.26,4.35,0.46991097723995806
Petal Width,1.0,1.8,1.3259999999999998,1.3,0.197752680004544
